{"last_tab":"","page_content_background":{"background-color":"#ffffff","background-repeat":"","background-size":"","background-attachment":"","background-position":"","background-image":"","media":{"id":"","height":"","width":"","thumbnail":""}},"border_color":{"border-top":"","border-right":"","border-bottom":"","border-left":"","border-style":"solid","border-color":"#f0f0f0"},"back_to_top":"1","row_space":"60px","primary_color":"#ffbf2d","sale_color":"#fd5018","saletext_color":"#ffffff","rate_color":"#ffbf2d","link_color":{"regular":"#222222","hover":"#ffbf2d","active":"#ffbf2d"},"text_selected_bg":"#91b2c3","text_selected_color":"#ffffff","pricesalecolor":"#fd5018","header_layout":"Header3","header_mobile_layout":"HeaderMobile","header_bg":"#ffffff","header_color":"#222222","header_link_color":{"regular":"#222222","hover":"#222222b3","active":"#222222b3"},"dropdown_bg":"#ffffff","sticky_header":"1","header_sticky_layout":"HeaderSticky","header_sticky_bg":{"color":"#ffffff","alpha":"0.95","rgba":"rgba(255,255,255,0.95)"},"header_sticky_color":"#222222","header_sticky_link_color":{"regular":"#222222","hover":"#ffbf2d","active":"#ffbf2d"},"topbar_color":"#222222","topbar_link_color":{"regular":"#222222","hover":"#222222b3","active":"#222222b3"},"mobile_menu_label":"Menu","sub_menu_bg":"#ffffff","categories_menu_label":"Browse categories","categories_menu_label_bg":"#222222","categories_menu_bg":"#ffffff","categories_sub_menu_bg":"#ffffff","categories_menu_items":"9","categories_more_label":"Show More","categories_less_label":"Show Less","footer_layout":"Footer1","footer_bg":"#ffffff","footer_color":"#666666","footer_link_color":{"regular":"#666666","hover":"#ffbf2d","active":"#ffbf2d"},"social_icons":{"facebook":"www.facebook.com\/roadthemes\/","twitter":"www.twitter.com\/roadthemes","instagram":"www.instagram.com","tumblr":"","pinterest":"","google-plus":"","linkedin":"www.linkedin.com\/in\/kevin-sobo-082878b6","behance":"","dribbble":"","youtube":"","vimeo":"","rss":"www.rss.com"},"bodyfont":{"font-family":"Open Sans","font-options":"","google":"1","font-weight":"400","font-style":"","font-size":"14px","line-height":"","color":"#999999"},"headingfont":{"font-family":"Lato","font-options":"","google":"1","font-weight":"400","font-style":"","color":"#222222"},"menufont":{"font-family":"Lato","font-options":"","google":"1","font-weight":"700","font-style":"","font-size":"14px","color":"#222222"},"submenufont":{"font-family":"Open Sans","font-options":"","google":"1","font-weight":"400","font-style":"","font-size":"14px","color":"#999999"},"dropdownfont":{"font-family":"Open Sans","font-options":"","google":"1","font-weight":"400","font-style":"","font-size":"14px","color":"#999999"},"categoriesfont":{"font-family":"Open Sans","font-options":"","google":"1","font-weight":"400","font-style":"","font-size":"14px","color":"#222222"},"categoriessubmenufont":{"font-family":"Open Sans","font-options":"","google":"1","font-weight":"400","font-style":"","font-size":"14px","color":"#999999"},"pricefont":{"font-family":"Open Sans","font-options":"","google":"1","font-weight":"600","font-style":"","font-size":"18px","color":"#222222"},"image_slider":[{"title":"","description":"","url":"","sort":"0","attachment_id":"","thumb":"","image":"","height":"","width":""}],"brand_logos":[{"title":"","description":"","url":"#","sort":"0","attachment_id":"1547","thumb":"http:\/\/demo.roadthemes.com\/autima\/wp-content\/uploads\/2019\/09\/br1-150x38.png","image":"http:\/\/demo.roadthemes.com\/autima\/wp-content\/uploads\/2019\/09\/br1.png","height":"38","width":"164"},{"title":"","description":"","url":"#","sort":"1","attachment_id":"1548","thumb":"http:\/\/demo.roadthemes.com\/autima\/wp-content\/uploads\/2019\/09\/br2-150x38.png","image":"http:\/\/demo.roadthemes.com\/autima\/wp-content\/uploads\/2019\/09\/br2.png","height":"38","width":"164"},{"title":"","description":"","url":"#","sort":"2","attachment_id":"1549","thumb":"http:\/\/demo.roadthemes.com\/autima\/wp-content\/uploads\/2019\/09\/br3-150x38.png","image":"http:\/\/demo.roadthemes.com\/autima\/wp-content\/uploads\/2019\/09\/br3.png","height":"38","width":"164"},{"title":"","description":"","url":"#","sort":"3","attachment_id":"1550","thumb":"http:\/\/demo.roadthemes.com\/autima\/wp-content\/uploads\/2019\/09\/br4-150x38.png","image":"http:\/\/demo.roadthemes.com\/autima\/wp-content\/uploads\/2019\/09\/br4.png","height":"38","width":"164"},{"title":"","description":"","url":"#","sort":"4","attachment_id":"1551","thumb":"http:\/\/demo.roadthemes.com\/autima\/wp-content\/uploads\/2019\/09\/br5-150x38.png","image":"http:\/\/demo.roadthemes.com\/autima\/wp-content\/uploads\/2019\/09\/br5.png","height":"38","width":"164"},{"title":"","description":"","url":"#","sort":"5","attachment_id":"1549","thumb":"http:\/\/demo.roadthemes.com\/autima\/wp-content\/uploads\/2019\/09\/br3-150x38.png","image":"http:\/\/demo.roadthemes.com\/autima\/wp-content\/uploads\/2019\/09\/br3.png","height":"38","width":"164"}],"sidebarse_pos":"left","custom-sidebars":[""],"shop_banner":{"url":"","id":"","height":"","width":"","thumbnail":"","title":"","caption":"","alt":"","description":""},"show_category_image":"1","shop_layout":"sidebar","sidebarshop_pos":"left","default_view":"grid-view","product_name_color":"#222222","second_image":"1","product_per_page":"12","product_per_row":"3","product_per_row_fw":"4","single_product_layout":"fullwidth","sidebarsingleproduct_pos":"left","product_banner":{"url":"","id":"","height":"","width":"","thumbnail":"","title":"","caption":"","alt":"","description":""},"single_product_header_text":"Product Details","related_product_title":"<strong>Related<\/strong> Products","upsell_product_title":"<strong>Upsell<\/strong> Products","cross_sell_product_title":"<strong>Cross sell<\/strong> product","related_amount":"10","product_share_title":"Share this product","quickview_link_text":"See all features","quickview":"1","blog_header_text":"Blog","blog_layout":"sidebar","sidebarblog_pos":"right","readmore_text":"Read more","blog_share_title":"Share this post","testiscroll":"","testipause":"3000","testianimate":"2000","background_error":{"background-color":"#ffffff","background-repeat":"","background-size":"","background-attachment":"","background-position":"","background-image":"","media":{"id":"","height":"","width":"","thumbnail":""}},"enable_less":"1","redux-backup":"1"}