<?xml version="1.0" encoding="UTF-8" ?>
<!-- This is a WordPress eXtended RSS file generated by WordPress as an export of your site. -->
<!-- It contains information about your site's posts, pages, comments, categories, and other content. -->
<!-- You may use this file to transfer that content from one site to another. -->
<!-- This file is not intended to serve as a complete backup of your site. -->

<!-- To import this information into a WordPress site follow these steps: -->
<!-- 1. Log in to that site as an administrator. -->
<!-- 2. Go to Tools: Import in the WordPress admin panel. -->
<!-- 3. Install the "WordPress" importer from the list. -->
<!-- 4. Activate & Run Importer. -->
<!-- 5. Upload this file using the form provided on that page. -->
<!-- 6. You will first be asked to map the authors in this export file to users -->
<!--    on the site. For each author, you may choose to map to an -->
<!--    existing user on the site or to create a new user. -->
<!-- 7. WordPress will then import each of the posts, pages, comments, categories, etc. -->
<!--    contained in this file into your site. -->

	<!-- generator="WordPress/5.2.4" created="2019-11-01 08:31" -->
<rss version="2.0"
	xmlns:excerpt="http://wordpress.org/export/1.2/excerpt/"
	xmlns:content="http://purl.org/rss/1.0/modules/content/"
	xmlns:wfw="http://wellformedweb.org/CommentAPI/"
	xmlns:dc="http://purl.org/dc/elements/1.1/"
	xmlns:wp="http://wordpress.org/export/1.2/"
>

<channel>
	<title>Autima</title>
	<link>http://demo.roadthemes.com/autima</link>
	<description>Just another WordPress site</description>
	<pubDate>Fri, 01 Nov 2019 08:31:18 +0000</pubDate>
	<language>en-US</language>
	<wp:wxr_version>1.2</wp:wxr_version>
	<wp:base_site_url>http://demo.roadthemes.com/autima</wp:base_site_url>
	<wp:base_blog_url>http://demo.roadthemes.com/autima</wp:base_blog_url>

		<wp:author><wp:author_id>1</wp:author_id><wp:author_login><![CDATA[admin]]></wp:author_login><wp:author_email><![CDATA[demo@posthemes.com]]></wp:author_email><wp:author_display_name><![CDATA[admin]]></wp:author_display_name><wp:author_first_name><![CDATA[]]></wp:author_first_name><wp:author_last_name><![CDATA[]]></wp:author_last_name></wp:author>
		<item>
		<title>Home shop 2</title>
		<link>http://demo.roadthemes.com/autima/home-shop-2/</link>
		<pubDate>Thu, 04 Apr 2019 03:15:53 +0000</pubDate>
		<dc:creator><![CDATA[admin]]></dc:creator>
		<guid isPermaLink="false">http://192.168.1.209/fulo/?page_id=997</guid>
		<description></description>
		<content:encoded><![CDATA[[vc_row full_width="stretch_row_content_no_spaces"][vc_column][rev_slider_vc alias="home-slider-2"][/vc_column][/vc_row][vc_row css=".vc_custom_1568860469502{margin-right: 0px !important;margin-left: 0px !important;border-top-width: 1px !important;border-right-width: 1px !important;border-bottom-width: 1px !important;border-left-width: 1px !important;padding-top: 10px !important;padding-bottom: 10px !important;border-left-color: #f0f0f0 !important;border-left-style: solid !important;border-right-color: #f0f0f0 !important;border-right-style: solid !important;border-top-color: #f0f0f0 !important;border-top-style: solid !important;border-bottom-color: #f0f0f0 !important;border-bottom-style: solid !important;}" el_class="policy-block fix-bottom-space"][vc_column width="1/2" offset="vc_col-lg-3 vc_col-md-3 vc_col-xs-6" css=".vc_custom_1568861385209{padding-top: 15px !important;padding-bottom: 15px !important;}"][roadthemes_policy policy_icon="1756" policy_title="Free Shipping" policy_text="Free shipping on all US order"][/vc_column][vc_column width="1/2" offset="vc_col-lg-3 vc_col-md-3 vc_col-xs-6" css=".vc_custom_1568861395051{padding-top: 15px !important;padding-bottom: 15px !important;}"][roadthemes_policy policy_icon="1759" policy_title="Support 24/7" policy_text="Contact us 24 hours a day"][/vc_column][vc_column width="1/2" offset="vc_col-lg-3 vc_col-md-3 vc_col-xs-6" css=".vc_custom_1568861403092{padding-top: 15px !important;padding-bottom: 15px !important;}"][roadthemes_policy policy_icon="1757" policy_title="100% Money Back" policy_text="You have 30 days to Return"][/vc_column][vc_column width="1/2" offset="vc_col-lg-3 vc_col-md-3 vc_col-xs-6" css=".vc_custom_1568861411540{padding-top: 15px !important;padding-bottom: 15px !important;}"][roadthemes_policy policy_icon="1758" policy_title="Payment Secure" policy_text="We ensure secure payment"][/vc_column][/vc_row][vc_row el_class="custom-tabs-product"][vc_column][roadthemes_title heading_title="<strong>Our</strong> Products"][vc_tta_tabs spacing="" alignment="center" active_section="1" css_animation="none"][vc_tta_section title="Body Parts" tab_id="body-parts"][product_category_r per_page="12" columns="2" orderby="ID" order="ASC" category="body-parts" enable_slider="true" items_1500up="5" items_375_479="2" navigation="1" pagination="" item_margin="20" speed="500" navigation_style="navigation-style2"][/vc_tta_section][vc_tta_section title="Lighting" tab_id="lighting"][product_category_r per_page="12" columns="2" orderby="ID" order="ASC" category="lighting" enable_slider="true" items_1500up="5" items_375_479="2" navigation="1" pagination="" item_margin="20" speed="500" navigation_style="navigation-style2"][/vc_tta_section][vc_tta_section title="Engine Parts" tab_id="engine-parts"][product_category_r per_page="12" columns="2" orderby="ID" order="ASC" category="engine-parts" enable_slider="true" items_1500up="5" items_375_479="2" navigation="1" pagination="" item_margin="20" speed="500" navigation_style="navigation-style2"][/vc_tta_section][/vc_tta_tabs][/vc_column][/vc_row][vc_row full_width="stretch_row" el_class="module-large-item fix-bottom-space" css=".vc_custom_1572330598856{padding-top: 50px !important;padding-bottom: 25px !important;background-color: #f6f6f6 !important;}"][vc_column][vc_tta_tabs spacing="" active_section="1"][vc_tta_section title="<strong>Best</strong> Sellers" tab_id="1569225862210-4beead08-41d7"][bestselling_products_r per_page="1" columns="1" style="product-grid-progessbar" enable_slider="" items_1500up="1" items_1200_1499="1" items_992_1199="1" items_768_991="1" items_640_767="1" items_480_639="1" navigation="1" pagination="" item_margin="20" speed="500"][bestselling_products_r per_page="12" columns="3" style="product-list" enable_slider="true" items_1500up="2" items_1200_1499="2" items_992_1199="2" items_768_991="1" items_640_767="1" navigation="1" pagination="" item_margin="20" speed="500"][/vc_tta_section][vc_tta_section title="<strong>Featured</strong> Products" tab_id="1569225862251-22a23ed5-6f2e"][featured_products_r per_page="1" columns="1" orderby="rand" order="ASC" style="product-grid-progessbar" enable_slider="" navigation="1" pagination="" item_margin="30" speed="500"][featured_products_r per_page="12" columns="3" orderby="ID" order="ASC" style="product-list" enable_slider="true" items_1500up="2" items_1200_1499="2" items_992_1199="2" items_768_991="1" items_640_767="1" navigation="1" pagination="" item_margin="20" speed="500"][/vc_tta_section][vc_tta_section title="<strong>On Sale</strong> Products" tab_id="1569226145339-309cec36-620a"][sale_products_r per_page="1" columns="1" orderby="rand" order="ASC" style="product-grid-progessbar" enable_slider="" navigation="1" pagination="" item_margin="30" speed="500"][sale_products_r per_page="12" columns="3" orderby="ID" order="ASC" style="product-list" enable_slider="true" items_1500up="2" items_1200_1499="2" items_992_1199="2" items_768_991="1" items_640_767="1" navigation="1" pagination="" item_margin="20" speed="500"][/vc_tta_section][/vc_tta_tabs][/vc_column][/vc_row][vc_row][vc_column width="1/2"][vc_single_image image="1743" img_size="full" alignment="center" onclick="custom_link" img_link_target="_blank" css_animation="none" link="http://demo.roadthemes.com/autima/product-category/brake-parts/"][/vc_column][vc_column width="1/2"][vc_single_image image="1744" img_size="full" alignment="center" onclick="custom_link" img_link_target="_blank" css_animation="none" link="http://demo.roadthemes.com/autima/product-category/perfomance-filters/"][/vc_column][/vc_row][vc_row][vc_column][roadthemes_title heading_title="<strong>Special</strong> Offers"][sale_products_r per_page="12" columns="1" orderby="ID" order="" enable_slider="true" items_375_479="2" navigation="1" pagination="" item_margin="20" speed="500" navigation_style="navigation-style2"][/vc_column][/vc_row][vc_row el_class="static-bottom-autima2"][vc_column][vc_single_image image="1583" img_size="full" alignment="center"][vc_column_text]
<div class="text">
<h4>Win the cost of your</h4>
<h3>Tyres back</h3>
Chance to win when you buy 2 + Pirell Tyres in March

<a href="http://demo.roadthemes.com/autima/shop">Discover Now</a>

</div>
[/vc_column_text][/vc_column][/vc_row][vc_row][vc_column width="1/3" offset="vc_col-md-4 vc_col-sm-12"][roadthemes_title heading_title="Brake Parts" style="style3"][product_category_r per_page="12" columns="3" orderby="ID" order="ASC" category="brake-parts" style="product-list product-list-2" enable_slider="true" items_1500up="1" items_1200_1499="1" items_992_1199="1" items_768_991="2" navigation="" pagination="" item_margin="20" speed="500"][/vc_column][vc_column width="1/3" offset="vc_col-md-4 vc_col-sm-12"][roadthemes_title heading_title="Wheels &amp; Tires" style="style3"][product_category_r per_page="12" columns="3" orderby="ID" order="ASC" category="wheels-tires" style="product-list product-list-2" enable_slider="true" items_1500up="1" items_1200_1499="1" items_992_1199="1" items_768_991="2" navigation="" pagination="" item_margin="20" speed="500"][/vc_column][vc_column width="1/3" offset="vc_col-md-4 vc_col-sm-12"][roadthemes_title heading_title="Moto Oil" style="style3"][product_category_r per_page="12" columns="3" orderby="ID" order="ASC" category="moto-oil" style="product-list product-list-2" enable_slider="true" items_1500up="1" items_1200_1499="1" items_992_1199="1" items_768_991="2" navigation="" pagination="" item_margin="20" speed="500"][/vc_column][/vc_row][vc_row el_class="fix-bottom-space"][vc_column][ourbrands items_375_479="2" navigation="" pagination="" item_margin="0"][/vc_column][/vc_row]]]></content:encoded>
		<excerpt:encoded><![CDATA[]]></excerpt:encoded>
		<wp:post_id>997</wp:post_id>
		<wp:post_date><![CDATA[2019-04-04 03:15:53]]></wp:post_date>
		<wp:post_date_gmt><![CDATA[2019-04-04 03:15:53]]></wp:post_date_gmt>
		<wp:comment_status><![CDATA[closed]]></wp:comment_status>
		<wp:ping_status><![CDATA[closed]]></wp:ping_status>
		<wp:post_name><![CDATA[home-shop-2]]></wp:post_name>
		<wp:status><![CDATA[publish]]></wp:status>
		<wp:post_parent>0</wp:post_parent>
		<wp:menu_order>0</wp:menu_order>
		<wp:post_type><![CDATA[page]]></wp:post_type>
		<wp:post_password><![CDATA[]]></wp:post_password>
		<wp:is_sticky>0</wp:is_sticky>
														<wp:postmeta>
		<wp:meta_key><![CDATA[_edit_last]]></wp:meta_key>
		<wp:meta_value><![CDATA[1]]></wp:meta_value>
		</wp:postmeta>
							<wp:postmeta>
		<wp:meta_key><![CDATA[_wp_page_template]]></wp:meta_key>
		<wp:meta_value><![CDATA[page-templates/demo2.php]]></wp:meta_value>
		</wp:postmeta>
							<wp:postmeta>
		<wp:meta_key><![CDATA[slide_template]]></wp:meta_key>
		<wp:meta_value><![CDATA[default]]></wp:meta_value>
		</wp:postmeta>
							<wp:postmeta>
		<wp:meta_key><![CDATA[_manhframework_post_intro]]></wp:meta_key>
		<wp:meta_value><![CDATA[]]></wp:meta_value>
		</wp:postmeta>
							<wp:postmeta>
		<wp:meta_key><![CDATA[_manhframework_custom_sidebar]]></wp:meta_key>
		<wp:meta_value><![CDATA[]]></wp:meta_value>
		</wp:postmeta>
							<wp:postmeta>
		<wp:meta_key><![CDATA[_manhframework_custom_sidebar_pos]]></wp:meta_key>
		<wp:meta_value><![CDATA[left]]></wp:meta_value>
		</wp:postmeta>
							<wp:postmeta>
		<wp:meta_key><![CDATA[_wpb_vc_js_status]]></wp:meta_key>
		<wp:meta_value><![CDATA[true]]></wp:meta_value>
		</wp:postmeta>
							<wp:postmeta>
		<wp:meta_key><![CDATA[_wpb_shortcodes_custom_css]]></wp:meta_key>
		<wp:meta_value><![CDATA[.vc_custom_1568860469502{margin-right: 0px !important;margin-left: 0px !important;border-top-width: 1px !important;border-right-width: 1px !important;border-bottom-width: 1px !important;border-left-width: 1px !important;padding-top: 10px !important;padding-bottom: 10px !important;border-left-color: #f0f0f0 !important;border-left-style: solid !important;border-right-color: #f0f0f0 !important;border-right-style: solid !important;border-top-color: #f0f0f0 !important;border-top-style: solid !important;border-bottom-color: #f0f0f0 !important;border-bottom-style: solid !important;}.vc_custom_1572330598856{padding-top: 50px !important;padding-bottom: 25px !important;background-color: #f6f6f6 !important;}.vc_custom_1568861385209{padding-top: 15px !important;padding-bottom: 15px !important;}.vc_custom_1568861395051{padding-top: 15px !important;padding-bottom: 15px !important;}.vc_custom_1568861403092{padding-top: 15px !important;padding-bottom: 15px !important;}.vc_custom_1568861411540{padding-top: 15px !important;padding-bottom: 15px !important;}]]></wp:meta_value>
		</wp:postmeta>
							<wp:postmeta>
		<wp:meta_key><![CDATA[_fulo_post_intro]]></wp:meta_key>
		<wp:meta_value><![CDATA[]]></wp:meta_value>
		</wp:postmeta>
							<wp:postmeta>
		<wp:meta_key><![CDATA[_fulo_custom_sidebar]]></wp:meta_key>
		<wp:meta_value><![CDATA[]]></wp:meta_value>
		</wp:postmeta>
							<wp:postmeta>
		<wp:meta_key><![CDATA[_fulo_custom_sidebar_pos]]></wp:meta_key>
		<wp:meta_value><![CDATA[left]]></wp:meta_value>
		</wp:postmeta>
							<wp:postmeta>
		<wp:meta_key><![CDATA[_autima_post_intro]]></wp:meta_key>
		<wp:meta_value><![CDATA[]]></wp:meta_value>
		</wp:postmeta>
							<wp:postmeta>
		<wp:meta_key><![CDATA[_autima_custom_sidebar]]></wp:meta_key>
		<wp:meta_value><![CDATA[]]></wp:meta_value>
		</wp:postmeta>
							<wp:postmeta>
		<wp:meta_key><![CDATA[_autima_custom_sidebar_pos]]></wp:meta_key>
		<wp:meta_value><![CDATA[left]]></wp:meta_value>
		</wp:postmeta>
							</item>
<item>
		<title>Header2</title>
		<link>http://demo.roadthemes.com/autima/templatera/header-3/</link>
		<pubDate>Thu, 04 Apr 2019 08:08:34 +0000</pubDate>
		<dc:creator><![CDATA[admin]]></dc:creator>
		<guid isPermaLink="false">http://192.168.1.209/fulo/?post_type=templatera&#038;p=1017</guid>
		<description></description>
		<content:encoded><![CDATA[[vc_row el_class="topbar"][vc_column width="1/2" el_class="topbar-left"][roadsocialicons social_title="Follow Us:"][/vc_column][vc_column width="1/2" el_class="topbar-right" offset="vc_col-lg-6"][vc_wp_custommenu nav_menu="32"][/vc_column][/vc_row][vc_row equal_height="yes" css=".vc_custom_1572226864674{padding-top: 26px !important;padding-bottom: 26px !important;}"][vc_column width="1/4" offset="vc_col-lg-3 vc_col-md-3" el_class="col-logo"][roadlogo logo_image="1755" logo_width="170"][/vc_column][vc_column width="1/2" offset="vc_col-lg-6 vc_col-md-5" el_class="header2-search"][roadproductssearch][/vc_column][vc_column width="1/4" offset="vc_col-lg-3 vc_col-md-4" el_class="col-cart header2-col-cart"][roadwishlist][roadminicart][/vc_column][/vc_row][vc_row full_width="stretch_row" css=".vc_custom_1568971166112{background-color: #ffffff !important;}" el_class="main-menu-2"][vc_column width="1/4"][roadcategoriesmenu style="style2"][/vc_column][vc_column width="3/4"][roadmainmenu][/vc_column][/vc_row]]]></content:encoded>
		<excerpt:encoded><![CDATA[]]></excerpt:encoded>
		<wp:post_id>1017</wp:post_id>
		<wp:post_date><![CDATA[2019-04-04 08:08:34]]></wp:post_date>
		<wp:post_date_gmt><![CDATA[2019-04-04 08:08:34]]></wp:post_date_gmt>
		<wp:comment_status><![CDATA[closed]]></wp:comment_status>
		<wp:ping_status><![CDATA[closed]]></wp:ping_status>
		<wp:post_name><![CDATA[header-3]]></wp:post_name>
		<wp:status><![CDATA[publish]]></wp:status>
		<wp:post_parent>0</wp:post_parent>
		<wp:menu_order>0</wp:menu_order>
		<wp:post_type><![CDATA[templatera]]></wp:post_type>
		<wp:post_password><![CDATA[]]></wp:post_password>
		<wp:is_sticky>0</wp:is_sticky>
														<wp:postmeta>
		<wp:meta_key><![CDATA[_edit_last]]></wp:meta_key>
		<wp:meta_value><![CDATA[1]]></wp:meta_value>
		</wp:postmeta>
							<wp:postmeta>
		<wp:meta_key><![CDATA[slide_template]]></wp:meta_key>
		<wp:meta_value><![CDATA[default]]></wp:meta_value>
		</wp:postmeta>
							<wp:postmeta>
		<wp:meta_key><![CDATA[_wpb_vc_js_status]]></wp:meta_key>
		<wp:meta_value><![CDATA[true]]></wp:meta_value>
		</wp:postmeta>
							<wp:postmeta>
		<wp:meta_key><![CDATA[_wpb_shortcodes_custom_css]]></wp:meta_key>
		<wp:meta_value><![CDATA[.vc_custom_1572226864674{padding-top: 26px !important;padding-bottom: 26px !important;}.vc_custom_1568971166112{background-color: #ffffff !important;}]]></wp:meta_value>
		</wp:postmeta>
							</item>																						
</channel>
</rss>		