<?xml version="1.0" encoding="UTF-8" ?>
<!-- This is a WordPress eXtended RSS file generated by WordPress as an export of your site. -->
<!-- It contains information about your site's posts, pages, comments, categories, and other content. -->
<!-- You may use this file to transfer that content from one site to another. -->
<!-- This file is not intended to serve as a complete backup of your site. -->

<!-- To import this information into a WordPress site follow these steps: -->
<!-- 1. Log in to that site as an administrator. -->
<!-- 2. Go to Tools: Import in the WordPress admin panel. -->
<!-- 3. Install the "WordPress" importer from the list. -->
<!-- 4. Activate & Run Importer. -->
<!-- 5. Upload this file using the form provided on that page. -->
<!-- 6. You will first be asked to map the authors in this export file to users -->
<!--    on the site. For each author, you may choose to map to an -->
<!--    existing user on the site or to create a new user. -->
<!-- 7. WordPress will then import each of the posts, pages, comments, categories, etc. -->
<!--    contained in this file into your site. -->

	<!-- generator="WordPress/5.2.4" created="2019-11-01 08:31" -->
<rss version="2.0"
	xmlns:excerpt="http://wordpress.org/export/1.2/excerpt/"
	xmlns:content="http://purl.org/rss/1.0/modules/content/"
	xmlns:wfw="http://wellformedweb.org/CommentAPI/"
	xmlns:dc="http://purl.org/dc/elements/1.1/"
	xmlns:wp="http://wordpress.org/export/1.2/"
>

<channel>
	<title>Autima</title>
	<link>http://demo.roadthemes.com/autima</link>
	<description>Just another WordPress site</description>
	<pubDate>Fri, 01 Nov 2019 08:31:18 +0000</pubDate>
	<language>en-US</language>
	<wp:wxr_version>1.2</wp:wxr_version>
	<wp:base_site_url>http://demo.roadthemes.com/autima</wp:base_site_url>
	<wp:base_blog_url>http://demo.roadthemes.com/autima</wp:base_blog_url>

		<wp:author><wp:author_id>1</wp:author_id><wp:author_login><![CDATA[admin]]></wp:author_login><wp:author_email><![CDATA[demo@posthemes.com]]></wp:author_email><wp:author_display_name><![CDATA[admin]]></wp:author_display_name><wp:author_first_name><![CDATA[]]></wp:author_first_name><wp:author_last_name><![CDATA[]]></wp:author_last_name></wp:author>
<item>
		<title>Home shop 4</title>
		<link>http://demo.roadthemes.com/autima/home-shop-4/</link>
		<pubDate>Wed, 14 Aug 2019 02:51:11 +0000</pubDate>
		<dc:creator><![CDATA[admin]]></dc:creator>
		<guid isPermaLink="false">http://127.0.0.1/wp52/fulo/?page_id=1377</guid>
		<description></description>
		<content:encoded><![CDATA[[vc_row css=".vc_custom_1569396195962{margin-bottom: 0px !important;padding-top: 5px !important;padding-bottom: 5px !important;}" el_class="text-store4"][vc_column][vc_column_text]Save Up To 30% On AUTIMA Brand Products <a href="http://demo.roadthemes.com/autima/shop" target="_blank" rel="noopener noreferrer">Shop Now!</a>[/vc_column_text][/vc_column][/vc_row][vc_row full_width="stretch_row_content_no_spaces"][vc_column][rev_slider_vc alias="home-slider-4"][/vc_column][/vc_row][vc_row][vc_column width="1/2"][vc_single_image image="1743" img_size="full" alignment="center" onclick="custom_link" img_link_target="_blank" css_animation="none" link="http://demo.roadthemes.com/autima/product-category/brake-parts/"][/vc_column][vc_column width="1/2"][vc_single_image image="1744" img_size="full" alignment="center" onclick="custom_link" img_link_target="_blank" css_animation="none" link="http://demo.roadthemes.com/autima/product-category/perfomance-filters/"][/vc_column][/vc_row][vc_row][vc_column][roadthemes_title heading_title="<strong>Special</strong> Offers"][sale_products_r per_page="12" columns="1" orderby="ID" order="" style="product-grid-progessbar" enable_slider="true" items_992_1199="3" items_768_991="2" items_375_479="2" navigation="1" pagination="" item_margin="20" speed="500" navigation_style="navigation-style2"][/vc_column][/vc_row][vc_row el_class="fix-bottom-space fix-col-mobile"][vc_column][roadthemes_title heading_title="<strong>Top</strong> Categories"][vc_row_inner css=".vc_custom_1569465641231{margin-top: 0px !important;margin-right: 0px !important;margin-bottom: 0px !important;margin-left: 0px !important;border-top-width: 1px !important;border-right-width: 1px !important;border-bottom-width: 1px !important;border-left-width: 1px !important;padding-top: 15px !important;padding-right: 15px !important;padding-bottom: 15px !important;padding-left: 15px !important;border-left-color: #f0f0f0 !important;border-left-style: solid !important;border-right-color: #f0f0f0 !important;border-right-style: solid !important;border-top-color: #f0f0f0 !important;border-top-style: solid !important;border-bottom-color: #f0f0f0 !important;border-bottom-style: solid !important;border-radius: 5px !important;}"][vc_column_inner offset="vc_col-sm-3 vc_col-xs-6"][roadthemes_menu menu_image="1502" menu_title="Brake Parts" menu_link_text="View All" menu_link_url="http://demo.roadthemes.com/autima/product-category/brake-parts/" style="style2" nav_menu="53"][/vc_column_inner][vc_column_inner offset="vc_col-sm-3 vc_col-xs-6"][roadthemes_menu menu_image="1503" menu_title="Wheels &amp; Tires" menu_link_text="View All" menu_link_url="http://demo.roadthemes.com/autima/product-category/wheels-tires/" style="style2" nav_menu="55"][/vc_column_inner][vc_column_inner offset="vc_col-sm-3 vc_col-xs-6"][roadthemes_menu menu_image="1504" menu_title="Moto Oil" menu_link_text="View All" menu_link_url="http://demo.roadthemes.com/autima/product-category/moto-oil/" style="style2" nav_menu="52"][/vc_column_inner][vc_column_inner offset="vc_col-sm-3 vc_col-xs-6"][roadthemes_menu menu_image="1505" menu_title="Turbo Systems" menu_link_text="View All" menu_link_url="http://demo.roadthemes.com/autima/product-category/turbo-system/" style="style2" nav_menu="54"][/vc_column_inner][/vc_row_inner][/vc_column][/vc_row][vc_row el_class="custom-tabs-product"][vc_column][roadthemes_title heading_title="<strong>Our</strong> Products"][vc_tta_tabs spacing="" alignment="center" active_section="1" css_animation="none"][vc_tta_section title="Body Parts" tab_id="body-parts"][product_category_r per_page="12" columns="1" orderby="ID" order="ASC" category="body-parts" enable_slider="true" items_1500up="5" items_375_479="2" navigation="1" pagination="" item_margin="20" speed="500" navigation_style="navigation-style2"][/vc_tta_section][vc_tta_section title="Lighting" tab_id="lighting"][product_category_r per_page="12" columns="1" orderby="ID" order="ASC" category="lighting" enable_slider="true" items_1500up="5" items_375_479="2" navigation="1" pagination="" item_margin="20" speed="500" navigation_style="navigation-style2"][/vc_tta_section][vc_tta_section title="Engine Parts" tab_id="engine-parts"][product_category_r per_page="12" columns="1" orderby="ID" order="ASC" category="engine-parts" enable_slider="true" items_1500up="5" items_375_479="2" navigation="1" pagination="" item_margin="20" speed="500" navigation_style="navigation-style2"][/vc_tta_section][/vc_tta_tabs][/vc_column][/vc_row][vc_row full_width="stretch_row_content_no_spaces" el_class="static-middle-autima4"][vc_column][vc_single_image image="1637" img_size="full" alignment="center"][vc_column_text]
<div class="container">
<div class="container-inner">
<div class="text">
<h4>Automotive Led Xenon</h4>
<h3>Headlight Kits</h3>
HVC brings you only the best quality Xenon headlight kits

<a href="http://demo.roadthemes.com/autima/shop">Discover Now</a>

</div>
</div>
</div>
[/vc_column_text][/vc_column][/vc_row][vc_row][vc_column][roadthemes_title heading_title="<strong>Best</strong> Sellers"][bestselling_products_r per_page="12" columns="1" enable_slider="true" items_1500up="5" items_375_479="2" navigation="1" pagination="" item_margin="20" speed="500" navigation_style="navigation-style2"][/vc_column][/vc_row][vc_row el_class="fix-bottom-space"][vc_column][ourbrands items_375_479="2" navigation="" pagination="" item_margin="0"][/vc_column][/vc_row][vc_row][vc_column][roadthemes_title heading_title="<strong>Latest</strong> Blogs"][latestposts colsnumber="4" enable_slider="true" items_1200_1499="4" navigation="1" pagination="" item_margin="20" speed="500" navigation_style="navigation-style2"][/vc_column][/vc_row]]]></content:encoded>
		<excerpt:encoded><![CDATA[]]></excerpt:encoded>
		<wp:post_id>1377</wp:post_id>
		<wp:post_date><![CDATA[2019-08-14 02:51:11]]></wp:post_date>
		<wp:post_date_gmt><![CDATA[2019-08-14 02:51:11]]></wp:post_date_gmt>
		<wp:comment_status><![CDATA[closed]]></wp:comment_status>
		<wp:ping_status><![CDATA[closed]]></wp:ping_status>
		<wp:post_name><![CDATA[home-shop-4]]></wp:post_name>
		<wp:status><![CDATA[publish]]></wp:status>
		<wp:post_parent>0</wp:post_parent>
		<wp:menu_order>0</wp:menu_order>
		<wp:post_type><![CDATA[page]]></wp:post_type>
		<wp:post_password><![CDATA[]]></wp:post_password>
		<wp:is_sticky>0</wp:is_sticky>
														<wp:postmeta>
		<wp:meta_key><![CDATA[_edit_last]]></wp:meta_key>
		<wp:meta_value><![CDATA[1]]></wp:meta_value>
		</wp:postmeta>
							<wp:postmeta>
		<wp:meta_key><![CDATA[_wp_page_template]]></wp:meta_key>
		<wp:meta_value><![CDATA[page-templates/demo4.php]]></wp:meta_value>
		</wp:postmeta>
							<wp:postmeta>
		<wp:meta_key><![CDATA[slide_template]]></wp:meta_key>
		<wp:meta_value><![CDATA[default]]></wp:meta_value>
		</wp:postmeta>
							<wp:postmeta>
		<wp:meta_key><![CDATA[_fulo_post_intro]]></wp:meta_key>
		<wp:meta_value><![CDATA[]]></wp:meta_value>
		</wp:postmeta>
							<wp:postmeta>
		<wp:meta_key><![CDATA[_fulo_custom_sidebar]]></wp:meta_key>
		<wp:meta_value><![CDATA[]]></wp:meta_value>
		</wp:postmeta>
							<wp:postmeta>
		<wp:meta_key><![CDATA[_fulo_custom_sidebar_pos]]></wp:meta_key>
		<wp:meta_value><![CDATA[left]]></wp:meta_value>
		</wp:postmeta>
							<wp:postmeta>
		<wp:meta_key><![CDATA[_wpb_vc_js_status]]></wp:meta_key>
		<wp:meta_value><![CDATA[true]]></wp:meta_value>
		</wp:postmeta>
							<wp:postmeta>
		<wp:meta_key><![CDATA[_wpb_shortcodes_custom_css]]></wp:meta_key>
		<wp:meta_value><![CDATA[.vc_custom_1569396195962{margin-bottom: 0px !important;padding-top: 5px !important;padding-bottom: 5px !important;}.vc_custom_1569465641231{margin-top: 0px !important;margin-right: 0px !important;margin-bottom: 0px !important;margin-left: 0px !important;border-top-width: 1px !important;border-right-width: 1px !important;border-bottom-width: 1px !important;border-left-width: 1px !important;padding-top: 15px !important;padding-right: 15px !important;padding-bottom: 15px !important;padding-left: 15px !important;border-left-color: #f0f0f0 !important;border-left-style: solid !important;border-right-color: #f0f0f0 !important;border-right-style: solid !important;border-top-color: #f0f0f0 !important;border-top-style: solid !important;border-bottom-color: #f0f0f0 !important;border-bottom-style: solid !important;border-radius: 5px !important;}]]></wp:meta_value>
		</wp:postmeta>
							<wp:postmeta>
		<wp:meta_key><![CDATA[_autima_post_intro]]></wp:meta_key>
		<wp:meta_value><![CDATA[]]></wp:meta_value>
		</wp:postmeta>
							<wp:postmeta>
		<wp:meta_key><![CDATA[_autima_custom_sidebar]]></wp:meta_key>
		<wp:meta_value><![CDATA[]]></wp:meta_value>
		</wp:postmeta>
							<wp:postmeta>
		<wp:meta_key><![CDATA[_autima_custom_sidebar_pos]]></wp:meta_key>
		<wp:meta_value><![CDATA[left]]></wp:meta_value>
		</wp:postmeta>
							</item>
<item>
		<title>Header4</title>
		<link>http://demo.roadthemes.com/autima/templatera/header-1/</link>
		<pubDate>Wed, 03 Apr 2019 08:40:13 +0000</pubDate>
		<dc:creator><![CDATA[admin]]></dc:creator>
		<guid isPermaLink="false">http://192.168.1.209/fulo/?post_type=templatera&#038;p=899</guid>
		<description></description>
		<content:encoded><![CDATA[[vc_row el_class="topbar"][vc_column width="1/2" el_class="topbar-left"][roadsocialicons social_title="Follow Us:"][/vc_column][vc_column width="1/2" el_class="topbar-right" offset="vc_col-lg-6"][vc_wp_custommenu nav_menu="32"][/vc_column][/vc_row][vc_row equal_height="yes" css=".vc_custom_1572226736110{padding-top: 26px !important;padding-bottom: 26px !important;}"][vc_column width="1/4" offset="vc_col-lg-3 vc_col-md-3" el_class="col-logo"][roadlogo logo_image="1755" logo_width="170"][/vc_column][vc_column width="1/2" offset="vc_col-lg-6 vc_col-md-5"][roadproductssearch][/vc_column][vc_column width="1/4" offset="vc_col-lg-3 vc_col-md-4" el_class="col-cart"][roadwishlist][roadminicart][/vc_column][/vc_row][vc_row full_width="stretch_row" css=".vc_custom_1571907652334{background-color: #ffffff !important;}" el_class="main-menu-4"][vc_column][roadmainmenu][/vc_column][/vc_row]]]></content:encoded>
		<excerpt:encoded><![CDATA[]]></excerpt:encoded>
		<wp:post_id>899</wp:post_id>
		<wp:post_date><![CDATA[2019-04-03 08:40:13]]></wp:post_date>
		<wp:post_date_gmt><![CDATA[2019-04-03 08:40:13]]></wp:post_date_gmt>
		<wp:comment_status><![CDATA[closed]]></wp:comment_status>
		<wp:ping_status><![CDATA[closed]]></wp:ping_status>
		<wp:post_name><![CDATA[header-1]]></wp:post_name>
		<wp:status><![CDATA[publish]]></wp:status>
		<wp:post_parent>0</wp:post_parent>
		<wp:menu_order>0</wp:menu_order>
		<wp:post_type><![CDATA[templatera]]></wp:post_type>
		<wp:post_password><![CDATA[]]></wp:post_password>
		<wp:is_sticky>0</wp:is_sticky>
														<wp:postmeta>
		<wp:meta_key><![CDATA[_edit_last]]></wp:meta_key>
		<wp:meta_value><![CDATA[1]]></wp:meta_value>
		</wp:postmeta>
							<wp:postmeta>
		<wp:meta_key><![CDATA[slide_template]]></wp:meta_key>
		<wp:meta_value><![CDATA[default]]></wp:meta_value>
		</wp:postmeta>
							<wp:postmeta>
		<wp:meta_key><![CDATA[_wpb_vc_js_status]]></wp:meta_key>
		<wp:meta_value><![CDATA[true]]></wp:meta_value>
		</wp:postmeta>
							<wp:postmeta>
		<wp:meta_key><![CDATA[_wpb_shortcodes_custom_css]]></wp:meta_key>
		<wp:meta_value><![CDATA[.vc_custom_1572226736110{padding-top: 26px !important;padding-bottom: 26px !important;}.vc_custom_1571907652334{background-color: #ffffff !important;}]]></wp:meta_value>
		</wp:postmeta>
							</item>									
</channel>
</rss>		